{
  "auc": 0.9661410640617117,
  "pr_auc": 0.8009858706598119,
  "n_val": 118108,
  "n_features": 432
}